1,HOLDER,,,
2,CIT,MONDAY,9:00 AM,0
3,CIT,MONDAY,10:00 AM,0
4,CIT,MONDAY,11:00 AM,0
5,CIT,MONDAY,12:00 PM,1
6,CIT,MONDAY,1:00 PM,2
7,CIT,MONDAY,2:00 PM,5
8,CIT,MONDAY,3:00 PM,8
9,CIT,MONDAY,4:00 PM,9
10,CIT,MONDAY,5:00 PM,10
11,CIT,MONDAY,6:00 PM,12
12,CIT,MONDAY,7:00 PM,13
13,CIT,MONDAY,8:00 PM,11
14,CIT,MONDAY,9:00 PM,10
15,CIT,MONDAY,10:00 PM,9
16,CIT,MONDAY,11:00 PM,7
17,CIT,MONDAY,12:00 AM,7
18,CIT,MONDAY,1:00 AM,6
19,CIT,MONDAY,2:00 AM,4
20,CIT,MONDAY,3:00 AM,3
21,HOLDER,,,0
22,CIT,TUESDAY,9:00 AM,1
23,CIT,TUESDAY,10:00 AM,5
24,CIT,TUESDAY,11:00 AM,6
25,CIT,TUESDAY,12:00 PM,5
26,CIT,TUESDAY,1:00 PM,2
27,CIT,TUESDAY,2:00 PM,5
28,CIT,TUESDAY,3:00 PM,6
29,CIT,TUESDAY,4:00 PM,11
30,CIT,TUESDAY,5:00 PM,9
31,CIT,TUESDAY,6:00 PM,8
32,CIT,TUESDAY,7:00 PM,10
33,CIT,TUESDAY,8:00 PM,15
34,CIT,TUESDAY,9:00 PM,14
35,CIT,TUESDAY,10:00 PM,14
36,CIT,TUESDAY,11:00 PM,10
37,CIT,TUESDAY,12:00 AM,8
38,CIT,TUESDAY,1:00 AM,5
39,CIT,TUESDAY,2:00 AM,3
40,CIT,TUESDAY,3:00 AM,2
41,HOLDER,,,0
42,CIT,WEDNESDAY,9:00 AM,0
43,CIT,WEDNESDAY,10:00 AM,1
44,CIT,WEDNESDAY,11:00 AM,2
45,CIT,WEDNESDAY,12:00 PM,3
46,CIT,WEDNESDAY,1:00 PM,4
47,CIT,WEDNESDAY,2:00 PM,6
48,CIT,WEDNESDAY,3:00 PM,7
49,CIT,WEDNESDAY,4:00 PM,10
50,CIT,WEDNESDAY,5:00 PM,11
51,CIT,WEDNESDAY,6:00 PM,14
52,CIT,WEDNESDAY,7:00 PM,13
53,CIT,WEDNESDAY,8:00 PM,14
54,CIT,WEDNESDAY,9:00 PM,15
55,CIT,WEDNESDAY,10:00 PM,11
56,CIT,WEDNESDAY,11:00 PM,8
57,CIT,WEDNESDAY,12:00 AM,7
58,CIT,WEDNESDAY,1:00 AM,6
59,CIT,WEDNESDAY,2:00 AM,5
60,CIT,WEDNESDAY,3:00 AM,3
61,HOLDER,,,0
62,CIT,THURSDAY,9:00 AM,1
63,CIT,THURSDAY,10:00 AM,5
64,CIT,THURSDAY,11:00 AM,5
65,CIT,THURSDAY,12:00 PM,5
66,CIT,THURSDAY,1:00 PM,2
67,CIT,THURSDAY,2:00 PM,4
68,CIT,THURSDAY,3:00 PM,6
69,CIT,THURSDAY,4:00 PM,10
70,CIT,THURSDAY,5:00 PM,10
71,CIT,THURSDAY,6:00 PM,9
72,CIT,THURSDAY,7:00 PM,9
73,CIT,THURSDAY,8:00 PM,10
74,CIT,THURSDAY,9:00 PM,10
75,CIT,THURSDAY,10:00 PM,10
76,CIT,THURSDAY,11:00 PM,8
77,CIT,THURSDAY,12:00 AM,6
78,CIT,THURSDAY,1:00 AM,6
79,CIT,THURSDAY,2:00 AM,5
80,CIT,THURSDAY,3:00 AM,4
81,HOLDER,,,0
82,CIT,FRIDAY,9:00 AM,1
83,CIT,FRIDAY,10:00 AM,2
84,CIT,FRIDAY,11:00 AM,3
85,CIT,FRIDAY,12:00 PM,4
86,CIT,FRIDAY,1:00 PM,5
87,CIT,FRIDAY,2:00 PM,7
88,CIT,FRIDAY,3:00 PM,9
89,CIT,FRIDAY,4:00 PM,12
90,CIT,FRIDAY,5:00 PM,11
91,CIT,FRIDAY,6:00 PM,10
92,CIT,FRIDAY,7:00 PM,6
93,CIT,FRIDAY,8:00 PM,6
94,CIT,FRIDAY,9:00 PM,4
95,CIT,FRIDAY,10:00 PM,4
96,CIT,FRIDAY,11:00 PM,2
97,CIT,FRIDAY,12:00 AM,2
98,CIT,FRIDAY,1:00 AM,2
99,CIT,FRIDAY,2:00 AM,2
100,CIT,FRIDAY,3:00 AM,2
101,HOLDER,,,0
102,CIT,SATURDAY,9:00 AM,0
103,CIT,SATURDAY,10:00 AM,0
104,CIT,SATURDAY,11:00 AM,1
105,CIT,SATURDAY,12:00 PM,6
106,CIT,SATURDAY,1:00 PM,7
107,CIT,SATURDAY,2:00 PM,8
108,CIT,SATURDAY,3:00 PM,5
109,CIT,SATURDAY,4:00 PM,6
110,CIT,SATURDAY,5:00 PM,7
111,CIT,SATURDAY,6:00 PM,7
112,CIT,SATURDAY,7:00 PM,5
113,CIT,SATURDAY,8:00 PM,4
114,CIT,SATURDAY,9:00 PM,1
115,CIT,SATURDAY,10:00 PM,0
116,CIT,SATURDAY,11:00 PM,0
117,CIT,SATURDAY,12:00 AM,0
118,CIT,SATURDAY,1:00 AM,0
119,CIT,SATURDAY,2:00 AM,0
120,CIT,SATURDAY,3:00 AM,0
121,HOLDER,,,0
122,CIT,SUNDAY,9:00 AM,0
123,CIT,SUNDAY,10:00 AM,0
124,CIT,SUNDAY,11:00 AM,0
125,CIT,SUNDAY,12:00 PM,4
126,CIT,SUNDAY,1:00 PM,7
127,CIT,SUNDAY,2:00 PM,10
128,CIT,SUNDAY,3:00 PM,9
129,CIT,SUNDAY,4:00 PM,7
130,CIT,SUNDAY,5:00 PM,8
131,CIT,SUNDAY,6:00 PM,8
132,CIT,SUNDAY,7:00 PM,7
133,CIT,SUNDAY,8:00 PM,7
134,CIT,SUNDAY,9:00 PM,6
135,CIT,SUNDAY,10:00 PM,6
136,CIT,SUNDAY,11:00 PM,4
137,CIT,SUNDAY,12:00 AM,4
138,CIT,SUNDAY,1:00 AM,1
139,CIT,SUNDAY,2:00 AM,1
140,CIT,SUNDAY,3:00 AM,1
141,HOLDER,,,0
142,ROCK,MONDAY,9:00 AM,3
143,ROCK,MONDAY,10:00 AM,2
144,ROCK,MONDAY,11:00 AM,4
145,ROCK,MONDAY,12:00 PM,3
146,ROCK,MONDAY,1:00 PM,0
147,ROCK,MONDAY,2:00 PM,2
148,ROCK,MONDAY,3:00 PM,2
149,ROCK,MONDAY,4:00 PM,3
150,ROCK,MONDAY,5:00 PM,3
151,ROCK,MONDAY,6:00 PM,2
152,ROCK,MONDAY,7:00 PM,1
153,ROCK,MONDAY,8:00 PM,2
154,ROCK,MONDAY,9:00 PM,1
155,ROCK,MONDAY,10:00 PM,2
156,ROCK,MONDAY,11:00 PM,1
157,ROCK,MONDAY,12:00 AM,2
158,ROCK,MONDAY,1:00 AM,1
159,ROCK,MONDAY,2:00 AM,0
160,ROCK,MONDAY,3:00 AM,0
161,,,,0
162,ROCK,TUESDAY,9:00 AM,2
163,ROCK,TUESDAY,10:00 AM,2
164,ROCK,TUESDAY,11:00 AM,0
165,ROCK,TUESDAY,12:00 PM,1
166,ROCK,TUESDAY,1:00 PM,2
167,ROCK,TUESDAY,2:00 PM,3
168,ROCK,TUESDAY,3:00 PM,4
169,ROCK,TUESDAY,4:00 PM,4
170,ROCK,TUESDAY,5:00 PM,3
171,ROCK,TUESDAY,6:00 PM,3
172,ROCK,TUESDAY,7:00 PM,2
173,ROCK,TUESDAY,8:00 PM,2
174,ROCK,TUESDAY,9:00 PM,2
175,ROCK,TUESDAY,10:00 PM,2
176,ROCK,TUESDAY,11:00 PM,1
177,ROCK,TUESDAY,12:00 AM,1
178,ROCK,TUESDAY,1:00 AM,1
179,ROCK,TUESDAY,2:00 AM,0
180,ROCK,TUESDAY,3:00 AM,0
181,,,,0
182,ROCK,WEDNESDAY,9:00 AM,2
183,ROCK,WEDNESDAY,10:00 AM,0
184,ROCK,WEDNESDAY,11:00 AM,1
185,ROCK,WEDNESDAY,12:00 PM,1
186,ROCK,WEDNESDAY,1:00 PM,0
187,ROCK,WEDNESDAY,2:00 PM,0
188,ROCK,WEDNESDAY,3:00 PM,3
189,ROCK,WEDNESDAY,4:00 PM,4
190,ROCK,WEDNESDAY,5:00 PM,3
191,ROCK,WEDNESDAY,6:00 PM,3
192,ROCK,WEDNESDAY,7:00 PM,1
193,ROCK,WEDNESDAY,8:00 PM,1
194,ROCK,WEDNESDAY,9:00 PM,3
195,ROCK,WEDNESDAY,10:00 PM,2
196,ROCK,WEDNESDAY,11:00 PM,2
197,ROCK,WEDNESDAY,12:00 AM,2
198,ROCK,WEDNESDAY,1:00 AM,1
199,ROCK,WEDNESDAY,2:00 AM,0
200,ROCK,WEDNESDAY,3:00 AM,0
201,,,,0
202,ROCK,THURSDAY,9:00 AM,2
203,ROCK,THURSDAY,10:00 AM,2
204,ROCK,THURSDAY,11:00 AM,0
205,ROCK,THURSDAY,12:00 PM,2
206,ROCK,THURSDAY,1:00 PM,0
207,ROCK,THURSDAY,2:00 PM,1
208,ROCK,THURSDAY,3:00 PM,2
209,ROCK,THURSDAY,4:00 PM,2
210,ROCK,THURSDAY,5:00 PM,1
211,ROCK,THURSDAY,6:00 PM,1
212,ROCK,THURSDAY,7:00 PM,1
213,ROCK,THURSDAY,8:00 PM,2
214,ROCK,THURSDAY,9:00 PM,3
215,ROCK,THURSDAY,10:00 PM,3
216,ROCK,THURSDAY,11:00 PM,3
217,ROCK,THURSDAY,12:00 AM,1
218,ROCK,THURSDAY,1:00 AM,1
219,ROCK,THURSDAY,2:00 AM,0
220,ROCK,THURSDAY,3:00 AM,0
221,,,,0
222,ROCK,FRIDAY,9:00 AM,2
223,ROCK,FRIDAY,10:00 AM,0
224,ROCK,FRIDAY,11:00 AM,0
225,ROCK,FRIDAY,12:00 PM,2
226,ROCK,FRIDAY,1:00 PM,0
227,ROCK,FRIDAY,2:00 PM,0
228,ROCK,FRIDAY,3:00 PM,0
229,ROCK,FRIDAY,4:00 PM,1
230,ROCK,FRIDAY,5:00 PM,1
231,ROCK,FRIDAY,6:00 PM,1
232,ROCK,FRIDAY,7:00 PM,1
233,ROCK,FRIDAY,8:00 PM,1
234,ROCK,FRIDAY,9:00 PM,0
235,ROCK,FRIDAY,10:00 PM,0
236,ROCK,FRIDAY,11:00 PM,0
237,ROCK,FRIDAY,12:00 AM,0
238,ROCK,FRIDAY,1:00 AM,0
239,ROCK,FRIDAY,2:00 AM,0
240,ROCK,FRIDAY,3:00 AM,0
241,,,,0
242,ROCK,SATURDAY,9:00 AM,2
243,ROCK,SATURDAY,10:00 AM,2
244,ROCK,SATURDAY,11:00 AM,1
245,ROCK,SATURDAY,12:00 PM,3
246,ROCK,SATURDAY,1:00 PM,6
247,ROCK,SATURDAY,2:00 PM,4
248,ROCK,SATURDAY,3:00 PM,1
249,ROCK,SATURDAY,4:00 PM,1
250,ROCK,SATURDAY,5:00 PM,2
251,ROCK,SATURDAY,6:00 PM,3
252,ROCK,SATURDAY,7:00 PM,3
253,ROCK,SATURDAY,8:00 PM,2
254,ROCK,SATURDAY,9:00 PM,1
255,ROCK,SATURDAY,10:00 PM,1
256,ROCK,SATURDAY,11:00 PM,0
257,ROCK,SATURDAY,12:00 AM,0
258,ROCK,SATURDAY,1:00 AM,0
259,ROCK,SATURDAY,2:00 AM,0
260,ROCK,SATURDAY,3:00 AM,0
261,,,,0
262,ROCK,SUNDAY,9:00 AM,2
263,ROCK,SUNDAY,10:00 AM,4
264,ROCK,SUNDAY,11:00 AM,4
265,ROCK,SUNDAY,12:00 PM,2
266,ROCK,SUNDAY,1:00 PM,2
267,ROCK,SUNDAY,2:00 PM,3
268,ROCK,SUNDAY,3:00 PM,4
269,ROCK,SUNDAY,4:00 PM,5
270,ROCK,SUNDAY,5:00 PM,4
271,ROCK,SUNDAY,6:00 PM,4
272,ROCK,SUNDAY,7:00 PM,4
273,ROCK,SUNDAY,8:00 PM,3
274,ROCK,SUNDAY,9:00 PM,2
275,ROCK,SUNDAY,10:00 PM,1
276,ROCK,SUNDAY,11:00 PM,1
277,ROCK,SUNDAY,12:00 AM,1
278,ROCK,SUNDAY,1:00 AM,1
279,ROCK,SUNDAY,2:00 AM,0
280,ROCK,SUNDAY,3:00 AM,0
281,HOLDER,,,0
282,HAY,MONDAY,9:00 AM,0
283,HAY,MONDAY,10:00 AM,0
284,HAY,MONDAY,11:00 AM,0
285,HAY,MONDAY,12:00 PM,0
286,HAY,MONDAY,1:00 PM,0
287,HAY,MONDAY,2:00 PM,0
288,HAY,MONDAY,3:00 PM,2
289,HAY,MONDAY,4:00 PM,2
290,HAY,MONDAY,5:00 PM,2
291,HAY,MONDAY,6:00 PM,2
292,HAY,MONDAY,7:00 PM,0
293,HAY,MONDAY,8:00 PM,0
294,HAY,MONDAY,9:00 PM,0
295,HAY,MONDAY,10:00 PM,0
296,HAY,MONDAY,11:00 PM,0
297,HAY,MONDAY,12:00 AM,0
298,HAY,MONDAY,1:00 AM,0
299,HAY,MONDAY,2:00 AM,0
300,HAY,MONDAY,3:00 AM,0
301,,,,0
302,HAY,TUESDAY,9:00 AM,0
303,HAY,TUESDAY,10:00 AM,0
304,HAY,TUESDAY,11:00 AM,1
305,HAY,TUESDAY,12:00 PM,0
306,HAY,TUESDAY,1:00 PM,0
307,HAY,TUESDAY,2:00 PM,0
308,HAY,TUESDAY,3:00 PM,0
309,HAY,TUESDAY,4:00 PM,0
310,HAY,TUESDAY,5:00 PM,0
311,HAY,TUESDAY,6:00 PM,0
312,HAY,TUESDAY,7:00 PM,0
313,HAY,TUESDAY,8:00 PM,0
314,HAY,TUESDAY,9:00 PM,0
315,HAY,TUESDAY,10:00 PM,0
316,HAY,TUESDAY,11:00 PM,0
317,HAY,TUESDAY,12:00 AM,0
318,HAY,TUESDAY,1:00 AM,0
319,HAY,TUESDAY,2:00 AM,0
320,HAY,TUESDAY,3:00 AM,0
321,,,,0
322,HAY,WEDNESDAY,9:00 AM,1
323,HAY,WEDNESDAY,10:00 AM,1
324,HAY,WEDNESDAY,11:00 AM,1
325,HAY,WEDNESDAY,12:00 PM,0
326,HAY,WEDNESDAY,1:00 PM,1
327,HAY,WEDNESDAY,2:00 PM,1
328,HAY,WEDNESDAY,3:00 PM,0
329,HAY,WEDNESDAY,4:00 PM,1
330,HAY,WEDNESDAY,5:00 PM,1
331,HAY,WEDNESDAY,6:00 PM,1
332,HAY,WEDNESDAY,7:00 PM,0
333,HAY,WEDNESDAY,8:00 PM,0
334,HAY,WEDNESDAY,9:00 PM,0
335,HAY,WEDNESDAY,10:00 PM,0
336,HAY,WEDNESDAY,11:00 PM,0
337,HAY,WEDNESDAY,12:00 AM,0
338,HAY,WEDNESDAY,1:00 AM,0
339,HAY,WEDNESDAY,2:00 AM,0
340,HAY,WEDNESDAY,3:00 AM,0
341,,,,0
342,HAY,THURSDAY,9:00 AM,1
343,HAY,THURSDAY,10:00 AM,1
344,HAY,THURSDAY,11:00 AM,1
345,HAY,THURSDAY,12:00 PM,0
346,HAY,THURSDAY,1:00 PM,0
347,HAY,THURSDAY,2:00 PM,0
348,HAY,THURSDAY,3:00 PM,2
349,HAY,THURSDAY,4:00 PM,2
350,HAY,THURSDAY,5:00 PM,2
351,HAY,THURSDAY,6:00 PM,2
352,HAY,THURSDAY,7:00 PM,0
353,HAY,THURSDAY,8:00 PM,0
354,HAY,THURSDAY,9:00 PM,0
355,HAY,THURSDAY,10:00 PM,0
356,HAY,THURSDAY,11:00 PM,0
357,HAY,THURSDAY,12:00 AM,0
358,HAY,THURSDAY,1:00 AM,0
359,HAY,THURSDAY,2:00 AM,0
360,HAY,THURSDAY,3:00 AM,0
361,,,,0
362,HAY,FRIDAY,9:00 AM,0
363,HAY,FRIDAY,10:00 AM,0
364,HAY,FRIDAY,11:00 AM,0
365,HAY,FRIDAY,12:00 PM,0
366,HAY,FRIDAY,1:00 PM,0
367,HAY,FRIDAY,2:00 PM,0
368,HAY,FRIDAY,3:00 PM,4
369,HAY,FRIDAY,4:00 PM,4
370,HAY,FRIDAY,5:00 PM,4
371,HAY,FRIDAY,6:00 PM,4
372,HAY,FRIDAY,7:00 PM,0
373,HAY,FRIDAY,8:00 PM,0
374,HAY,FRIDAY,9:00 PM,0
375,HAY,FRIDAY,10:00 PM,0
376,HAY,FRIDAY,11:00 PM,0
377,HAY,FRIDAY,12:00 AM,0
378,HAY,FRIDAY,1:00 AM,0
379,HAY,FRIDAY,2:00 AM,0
380,HAY,FRIDAY,3:00 AM,0
381,,,,0
382,HAY,SATURDAY,9:00 AM,0
383,HAY,SATURDAY,10:00 AM,0
384,HAY,SATURDAY,11:00 AM,0
385,HAY,SATURDAY,12:00 PM,0
386,HAY,SATURDAY,1:00 PM,0
387,HAY,SATURDAY,2:00 PM,0
388,HAY,SATURDAY,3:00 PM,2
389,HAY,SATURDAY,4:00 PM,2
390,HAY,SATURDAY,5:00 PM,2
391,HAY,SATURDAY,6:00 PM,2
392,HAY,SATURDAY,7:00 PM,0
393,HAY,SATURDAY,8:00 PM,0
394,HAY,SATURDAY,9:00 PM,2
395,HAY,SATURDAY,10:00 PM,2
396,HAY,SATURDAY,11:00 PM,0
397,HAY,SATURDAY,12:00 AM,0
398,HAY,SATURDAY,1:00 AM,0
399,HAY,SATURDAY,2:00 AM,0
400,HAY,SATURDAY,3:00 AM,0
401,,,,0
402,HAY,SUNDAY,9:00 AM,0
403,HAY,SUNDAY,10:00 AM,0
404,HAY,SUNDAY,11:00 AM,0
405,HAY,SUNDAY,12:00 PM,0
406,HAY,SUNDAY,1:00 PM,0
407,HAY,SUNDAY,2:00 PM,0
408,HAY,SUNDAY,3:00 PM,2
409,HAY,SUNDAY,4:00 PM,2
410,HAY,SUNDAY,5:00 PM,2
411,HAY,SUNDAY,6:00 PM,2
412,HAY,SUNDAY,7:00 PM,2
413,HAY,SUNDAY,8:00 PM,2
414,HAY,SUNDAY,9:00 PM,2
415,HAY,SUNDAY,10:00 PM,0
416,HAY,SUNDAY,11:00 PM,0
417,HAY,SUNDAY,12:00 AM,0
418,HAY,SUNDAY,1:00 AM,0
419,HAY,SUNDAY,2:00 AM,0
420,HAY,SUNDAY,3:00 AM,0
421,HOLDER,,,0
422,FAUNCE,MONDAY,9:00 AM,0
423,FAUNCE,MONDAY,10:00 AM,0
424,FAUNCE,MONDAY,11:00 AM,0
425,FAUNCE,MONDAY,12:00 PM,0
426,FAUNCE,MONDAY,1:00 PM,1
427,FAUNCE,MONDAY,2:00 PM,1
428,FAUNCE,MONDAY,3:00 PM,1
429,FAUNCE,MONDAY,4:00 PM,2
430,FAUNCE,MONDAY,5:00 PM,2
431,FAUNCE,MONDAY,6:00 PM,1
432,FAUNCE,MONDAY,7:00 PM,0
433,FAUNCE,MONDAY,8:00 PM,0
434,FAUNCE,MONDAY,9:00 PM,0
435,FAUNCE,MONDAY,10:00 PM,0
436,FAUNCE,MONDAY,11:00 PM,0
437,FAUNCE,MONDAY,12:00 AM,0
438,FAUNCE,MONDAY,1:00 AM,0
439,FAUNCE,MONDAY,2:00 AM,0
440,FAUNCE,MONDAY,3:00 AM,0
441,,,,0
442,FAUNCE,TUESDAY,9:00 AM,0
443,FAUNCE,TUESDAY,10:00 AM,1
444,FAUNCE,TUESDAY,11:00 AM,0
445,FAUNCE,TUESDAY,12:00 PM,1
446,FAUNCE,TUESDAY,1:00 PM,2
447,FAUNCE,TUESDAY,2:00 PM,2
448,FAUNCE,TUESDAY,3:00 PM,1
449,FAUNCE,TUESDAY,4:00 PM,3
450,FAUNCE,TUESDAY,5:00 PM,3
451,FAUNCE,TUESDAY,6:00 PM,3
452,FAUNCE,TUESDAY,7:00 PM,1
453,FAUNCE,TUESDAY,8:00 PM,1
454,FAUNCE,TUESDAY,9:00 PM,3
455,FAUNCE,TUESDAY,10:00 PM,2
456,FAUNCE,TUESDAY,11:00 PM,2
457,FAUNCE,TUESDAY,12:00 AM,2
458,FAUNCE,TUESDAY,1:00 AM,1
459,FAUNCE,TUESDAY,2:00 AM,1
460,FAUNCE,TUESDAY,3:00 AM,0
461,,,,0
462,FAUNCE,WEDNESDAY,9:00 AM,0
463,FAUNCE,WEDNESDAY,10:00 AM,0
464,FAUNCE,WEDNESDAY,11:00 AM,0
465,FAUNCE,WEDNESDAY,12:00 PM,2
466,FAUNCE,WEDNESDAY,1:00 PM,2
467,FAUNCE,WEDNESDAY,2:00 PM,4
468,FAUNCE,WEDNESDAY,3:00 PM,5
469,FAUNCE,WEDNESDAY,4:00 PM,6
470,FAUNCE,WEDNESDAY,5:00 PM,5
471,FAUNCE,WEDNESDAY,6:00 PM,2
472,FAUNCE,WEDNESDAY,7:00 PM,2
473,FAUNCE,WEDNESDAY,8:00 PM,1
474,FAUNCE,WEDNESDAY,9:00 PM,1
475,FAUNCE,WEDNESDAY,10:00 PM,1
476,FAUNCE,WEDNESDAY,11:00 PM,1
477,FAUNCE,WEDNESDAY,12:00 AM,1
478,FAUNCE,WEDNESDAY,1:00 AM,1
479,FAUNCE,WEDNESDAY,2:00 AM,0
480,FAUNCE,WEDNESDAY,3:00 AM,0
481,,,,0
482,FAUNCE,THURSDAY,9:00 AM,0
483,FAUNCE,THURSDAY,10:00 AM,0
484,FAUNCE,THURSDAY,11:00 AM,0
485,FAUNCE,THURSDAY,12:00 PM,1
486,FAUNCE,THURSDAY,1:00 PM,2
487,FAUNCE,THURSDAY,2:00 PM,2
488,FAUNCE,THURSDAY,3:00 PM,1
489,FAUNCE,THURSDAY,4:00 PM,1
490,FAUNCE,THURSDAY,5:00 PM,1
491,FAUNCE,THURSDAY,6:00 PM,1
492,FAUNCE,THURSDAY,7:00 PM,1
493,FAUNCE,THURSDAY,8:00 PM,4
494,FAUNCE,THURSDAY,9:00 PM,4
495,FAUNCE,THURSDAY,10:00 PM,3
496,FAUNCE,THURSDAY,11:00 PM,2
497,FAUNCE,THURSDAY,12:00 AM,1
498,FAUNCE,THURSDAY,1:00 AM,0
499,FAUNCE,THURSDAY,2:00 AM,0
500,FAUNCE,THURSDAY,3:00 AM,0
501,,,,0
502,FAUNCE,FRIDAY,9:00 AM,0
503,FAUNCE,FRIDAY,10:00 AM,1
504,FAUNCE,FRIDAY,11:00 AM,1
505,FAUNCE,FRIDAY,12:00 PM,3
506,FAUNCE,FRIDAY,1:00 PM,3
507,FAUNCE,FRIDAY,2:00 PM,3
508,FAUNCE,FRIDAY,3:00 PM,2
509,FAUNCE,FRIDAY,4:00 PM,3
510,FAUNCE,FRIDAY,5:00 PM,2
511,FAUNCE,FRIDAY,6:00 PM,2
512,FAUNCE,FRIDAY,7:00 PM,1
513,FAUNCE,FRIDAY,8:00 PM,3
514,FAUNCE,FRIDAY,9:00 PM,2
515,FAUNCE,FRIDAY,10:00 PM,0
516,FAUNCE,FRIDAY,11:00 PM,0
517,FAUNCE,FRIDAY,12:00 AM,0
518,FAUNCE,FRIDAY,1:00 AM,0
519,FAUNCE,FRIDAY,2:00 AM,0
520,FAUNCE,FRIDAY,3:00 AM,0
521,,,,0
522,FAUNCE,SATURDAY,9:00 AM,0
523,FAUNCE,SATURDAY,10:00 AM,1
524,FAUNCE,SATURDAY,11:00 AM,1
525,FAUNCE,SATURDAY,12:00 PM,4
526,FAUNCE,SATURDAY,1:00 PM,4
527,FAUNCE,SATURDAY,2:00 PM,5
528,FAUNCE,SATURDAY,3:00 PM,6
529,FAUNCE,SATURDAY,4:00 PM,6
530,FAUNCE,SATURDAY,5:00 PM,6
531,FAUNCE,SATURDAY,6:00 PM,2
532,FAUNCE,SATURDAY,7:00 PM,0
533,FAUNCE,SATURDAY,8:00 PM,1
534,FAUNCE,SATURDAY,9:00 PM,1
535,FAUNCE,SATURDAY,10:00 PM,1
536,FAUNCE,SATURDAY,11:00 PM,0
537,FAUNCE,SATURDAY,12:00 AM,0
538,FAUNCE,SATURDAY,1:00 AM,0
539,FAUNCE,SATURDAY,2:00 AM,0
540,FAUNCE,SATURDAY,3:00 AM,0
541,,,,0
542,FAUNCE,SUNDAY,9:00 AM,0
543,FAUNCE,SUNDAY,10:00 AM,0
544,FAUNCE,SUNDAY,11:00 AM,1
545,FAUNCE,SUNDAY,12:00 PM,2
546,FAUNCE,SUNDAY,1:00 PM,2
547,FAUNCE,SUNDAY,2:00 PM,1
548,FAUNCE,SUNDAY,3:00 PM,2
549,FAUNCE,SUNDAY,4:00 PM,2
550,FAUNCE,SUNDAY,5:00 PM,1
551,FAUNCE,SUNDAY,6:00 PM,0
552,FAUNCE,SUNDAY,7:00 PM,0
553,FAUNCE,SUNDAY,8:00 PM,2
554,FAUNCE,SUNDAY,9:00 PM,2
555,FAUNCE,SUNDAY,10:00 PM,0
556,FAUNCE,SUNDAY,11:00 PM,0
557,FAUNCE,SUNDAY,12:00 AM,0
558,FAUNCE,SUNDAY,1:00 AM,0
559,FAUNCE,SUNDAY,2:00 AM,0
560,FAUNCE,SUNDAY,3:00 AM,0
561,HOLDER,,,0
562,BARUS,MONDAY,9:00 AM,0
563,BARUS,MONDAY,10:00 AM,2
564,BARUS,MONDAY,11:00 AM,2
565,BARUS,MONDAY,12:00 PM,1
566,BARUS,MONDAY,1:00 PM,0
567,BARUS,MONDAY,2:00 PM,0
568,BARUS,MONDAY,3:00 PM,1
569,BARUS,MONDAY,4:00 PM,1
570,BARUS,MONDAY,5:00 PM,1
571,BARUS,MONDAY,6:00 PM,0
572,BARUS,MONDAY,7:00 PM,1
573,BARUS,MONDAY,8:00 PM,3
574,BARUS,MONDAY,9:00 PM,3
575,BARUS,MONDAY,10:00 PM,2
576,BARUS,MONDAY,11:00 PM,1
577,BARUS,MONDAY,12:00 AM,1
578,BARUS,MONDAY,1:00 AM,1
579,BARUS,MONDAY,2:00 AM,0
580,BARUS,MONDAY,3:00 AM,0
581,,,,0
582,BARUS,TUESDAY,9:00 AM,2
583,BARUS,TUESDAY,10:00 AM,3
584,BARUS,TUESDAY,11:00 AM,3
585,BARUS,TUESDAY,12:00 PM,3
586,BARUS,TUESDAY,1:00 PM,3
587,BARUS,TUESDAY,2:00 PM,4
588,BARUS,TUESDAY,3:00 PM,5
589,BARUS,TUESDAY,4:00 PM,3
590,BARUS,TUESDAY,5:00 PM,2
591,BARUS,TUESDAY,6:00 PM,1
592,BARUS,TUESDAY,7:00 PM,2
593,BARUS,TUESDAY,8:00 PM,1
594,BARUS,TUESDAY,9:00 PM,1
595,BARUS,TUESDAY,10:00 PM,1
596,BARUS,TUESDAY,11:00 PM,1
597,BARUS,TUESDAY,12:00 AM,1
598,BARUS,TUESDAY,1:00 AM,1
599,BARUS,TUESDAY,2:00 AM,0
600,BARUS,TUESDAY,3:00 AM,0
601,,,,0
602,BARUS,WEDNESDAY,9:00 AM,0
603,BARUS,WEDNESDAY,10:00 AM,2
604,BARUS,WEDNESDAY,11:00 AM,2
605,BARUS,WEDNESDAY,12:00 PM,1
606,BARUS,WEDNESDAY,1:00 PM,1
607,BARUS,WEDNESDAY,2:00 PM,1
608,BARUS,WEDNESDAY,3:00 PM,2
609,BARUS,WEDNESDAY,4:00 PM,3
610,BARUS,WEDNESDAY,5:00 PM,3
611,BARUS,WEDNESDAY,6:00 PM,3
612,BARUS,WEDNESDAY,7:00 PM,2
613,BARUS,WEDNESDAY,8:00 PM,3
614,BARUS,WEDNESDAY,9:00 PM,0
615,BARUS,WEDNESDAY,10:00 PM,1
616,BARUS,WEDNESDAY,11:00 PM,1
617,BARUS,WEDNESDAY,12:00 AM,1
618,BARUS,WEDNESDAY,1:00 AM,0
619,BARUS,WEDNESDAY,2:00 AM,0
620,BARUS,WEDNESDAY,3:00 AM,0
621,,,,0
622,BARUS,THURSDAY,9:00 AM,1
623,BARUS,THURSDAY,10:00 AM,3
624,BARUS,THURSDAY,11:00 AM,2
625,BARUS,THURSDAY,12:00 PM,1
626,BARUS,THURSDAY,1:00 PM,1
627,BARUS,THURSDAY,2:00 PM,2
628,BARUS,THURSDAY,3:00 PM,3
629,BARUS,THURSDAY,4:00 PM,2
630,BARUS,THURSDAY,5:00 PM,2
631,BARUS,THURSDAY,6:00 PM,2
632,BARUS,THURSDAY,7:00 PM,1
633,BARUS,THURSDAY,8:00 PM,1
634,BARUS,THURSDAY,9:00 PM,0
635,BARUS,THURSDAY,10:00 PM,0
636,BARUS,THURSDAY,11:00 PM,0
637,BARUS,THURSDAY,12:00 AM,0
638,BARUS,THURSDAY,1:00 AM,0
639,BARUS,THURSDAY,2:00 AM,0
640,BARUS,THURSDAY,3:00 AM,0
641,,,,0
642,BARUS,FRIDAY,9:00 AM,0
643,BARUS,FRIDAY,10:00 AM,1
644,BARUS,FRIDAY,11:00 AM,1
645,BARUS,FRIDAY,12:00 PM,0
646,BARUS,FRIDAY,1:00 PM,0
647,BARUS,FRIDAY,2:00 PM,0
648,BARUS,FRIDAY,3:00 PM,0
649,BARUS,FRIDAY,4:00 PM,0
650,BARUS,FRIDAY,5:00 PM,1
651,BARUS,FRIDAY,6:00 PM,1
652,BARUS,FRIDAY,7:00 PM,0
653,BARUS,FRIDAY,8:00 PM,0
654,BARUS,FRIDAY,9:00 PM,0
655,BARUS,FRIDAY,10:00 PM,0
656,BARUS,FRIDAY,11:00 PM,1
657,BARUS,FRIDAY,12:00 AM,1
658,BARUS,FRIDAY,1:00 AM,0
659,BARUS,FRIDAY,2:00 AM,0
660,BARUS,FRIDAY,3:00 AM,0
661,,,,0
662,BARUS,SATURDAY,9:00 AM,0
663,BARUS,SATURDAY,10:00 AM,0
664,BARUS,SATURDAY,11:00 AM,0
665,BARUS,SATURDAY,12:00 PM,1
666,BARUS,SATURDAY,1:00 PM,1
667,BARUS,SATURDAY,2:00 PM,3
668,BARUS,SATURDAY,3:00 PM,3
669,BARUS,SATURDAY,4:00 PM,3
670,BARUS,SATURDAY,5:00 PM,1
671,BARUS,SATURDAY,6:00 PM,0
672,BARUS,SATURDAY,7:00 PM,0
673,BARUS,SATURDAY,8:00 PM,0
674,BARUS,SATURDAY,9:00 PM,0
675,BARUS,SATURDAY,10:00 PM,1
676,BARUS,SATURDAY,11:00 PM,1
677,BARUS,SATURDAY,12:00 AM,1
678,BARUS,SATURDAY,1:00 AM,1
679,BARUS,SATURDAY,2:00 AM,0
680,BARUS,SATURDAY,3:00 AM,0
681,,,,0
682,BARUS,SUNDAY,9:00 AM,0
683,BARUS,SUNDAY,10:00 AM,0
684,BARUS,SUNDAY,11:00 AM,0
685,BARUS,SUNDAY,12:00 PM,1
686,BARUS,SUNDAY,1:00 PM,2
687,BARUS,SUNDAY,2:00 PM,2
688,BARUS,SUNDAY,3:00 PM,2
689,BARUS,SUNDAY,4:00 PM,1
690,BARUS,SUNDAY,5:00 PM,0
691,BARUS,SUNDAY,6:00 PM,1
692,BARUS,SUNDAY,7:00 PM,1
693,BARUS,SUNDAY,8:00 PM,2
694,BARUS,SUNDAY,9:00 PM,2
695,BARUS,SUNDAY,10:00 PM,2
696,BARUS,SUNDAY,11:00 PM,2
697,BARUS,SUNDAY,12:00 AM,0
698,BARUS,SUNDAY,1:00 AM,0
699,BARUS,SUNDAY,2:00 AM,0
700,BARUS,SUNDAY,3:00 AM,0
701,HOLDER,,,0
702,SCILI,MONDAY,9:00 AM,0
703,SCILI,MONDAY,10:00 AM,0
704,SCILI,MONDAY,11:00 AM,1
705,SCILI,MONDAY,12:00 PM,3
706,SCILI,MONDAY,1:00 PM,4
707,SCILI,MONDAY,2:00 PM,8
708,SCILI,MONDAY,3:00 PM,6
709,SCILI,MONDAY,4:00 PM,6
710,SCILI,MONDAY,5:00 PM,6
711,SCILI,MONDAY,6:00 PM,4
712,SCILI,MONDAY,7:00 PM,4
713,SCILI,MONDAY,8:00 PM,3
714,SCILI,MONDAY,9:00 PM,5
715,SCILI,MONDAY,10:00 PM,4
716,SCILI,MONDAY,11:00 PM,3
717,SCILI,MONDAY,12:00 AM,3
718,SCILI,MONDAY,1:00 AM,0
719,SCILI,MONDAY,2:00 AM,0
720,SCILI,MONDAY,3:00 AM,0
721,,,,0
722,SCILI,TUESDAY,9:00 AM,1
723,SCILI,TUESDAY,10:00 AM,1
724,SCILI,TUESDAY,11:00 AM,1
725,SCILI,TUESDAY,12:00 PM,4
726,SCILI,TUESDAY,1:00 PM,6
727,SCILI,TUESDAY,2:00 PM,7
728,SCILI,TUESDAY,3:00 PM,4
729,SCILI,TUESDAY,4:00 PM,4
730,SCILI,TUESDAY,5:00 PM,5
731,SCILI,TUESDAY,6:00 PM,8
732,SCILI,TUESDAY,7:00 PM,4
733,SCILI,TUESDAY,8:00 PM,5
734,SCILI,TUESDAY,9:00 PM,5
735,SCILI,TUESDAY,10:00 PM,2
736,SCILI,TUESDAY,11:00 PM,2
737,SCILI,TUESDAY,12:00 AM,1
738,SCILI,TUESDAY,1:00 AM,1
739,SCILI,TUESDAY,2:00 AM,1
740,SCILI,TUESDAY,3:00 AM,0
741,,,,0
742,SCILI,WEDNESDAY,9:00 AM,1
743,SCILI,WEDNESDAY,10:00 AM,2
744,SCILI,WEDNESDAY,11:00 AM,3
745,SCILI,WEDNESDAY,12:00 PM,4
746,SCILI,WEDNESDAY,1:00 PM,5
747,SCILI,WEDNESDAY,2:00 PM,5
748,SCILI,WEDNESDAY,3:00 PM,5
749,SCILI,WEDNESDAY,4:00 PM,4
750,SCILI,WEDNESDAY,5:00 PM,2
751,SCILI,WEDNESDAY,6:00 PM,1
752,SCILI,WEDNESDAY,7:00 PM,3
753,SCILI,WEDNESDAY,8:00 PM,5
754,SCILI,WEDNESDAY,9:00 PM,7
755,SCILI,WEDNESDAY,10:00 PM,6
756,SCILI,WEDNESDAY,11:00 PM,6
757,SCILI,WEDNESDAY,12:00 AM,4
758,SCILI,WEDNESDAY,1:00 AM,1
759,SCILI,WEDNESDAY,2:00 AM,1
760,SCILI,WEDNESDAY,3:00 AM,1
761,,,,0
762,SCILI,THURSDAY,9:00 AM,0
763,SCILI,THURSDAY,10:00 AM,1
764,SCILI,THURSDAY,11:00 AM,2
765,SCILI,THURSDAY,12:00 PM,4
766,SCILI,THURSDAY,1:00 PM,6
767,SCILI,THURSDAY,2:00 PM,6
768,SCILI,THURSDAY,3:00 PM,6
769,SCILI,THURSDAY,4:00 PM,7
770,SCILI,THURSDAY,5:00 PM,8
771,SCILI,THURSDAY,6:00 PM,7
772,SCILI,THURSDAY,7:00 PM,3
773,SCILI,THURSDAY,8:00 PM,4
774,SCILI,THURSDAY,9:00 PM,4
775,SCILI,THURSDAY,10:00 PM,3
776,SCILI,THURSDAY,11:00 PM,4
777,SCILI,THURSDAY,12:00 AM,3
778,SCILI,THURSDAY,1:00 AM,2
779,SCILI,THURSDAY,2:00 AM,2
780,SCILI,THURSDAY,3:00 AM,1
781,,,,0
782,SCILI,FRIDAY,9:00 AM,0
783,SCILI,FRIDAY,10:00 AM,0
784,SCILI,FRIDAY,11:00 AM,1
785,SCILI,FRIDAY,12:00 PM,3
786,SCILI,FRIDAY,1:00 PM,5
787,SCILI,FRIDAY,2:00 PM,7
788,SCILI,FRIDAY,3:00 PM,11
789,SCILI,FRIDAY,4:00 PM,8
790,SCILI,FRIDAY,5:00 PM,7
791,SCILI,FRIDAY,6:00 PM,3
792,SCILI,FRIDAY,7:00 PM,3
793,SCILI,FRIDAY,8:00 PM,2
794,SCILI,FRIDAY,9:00 PM,3
795,SCILI,FRIDAY,10:00 PM,2
796,SCILI,FRIDAY,11:00 PM,0
797,SCILI,FRIDAY,12:00 AM,0
798,SCILI,FRIDAY,1:00 AM,0
799,SCILI,FRIDAY,2:00 AM,0
800,SCILI,FRIDAY,3:00 AM,0
801,,,,0
802,SCILI,SATURDAY,9:00 AM,1
803,SCILI,SATURDAY,10:00 AM,2
804,SCILI,SATURDAY,11:00 AM,4
805,SCILI,SATURDAY,12:00 PM,4
806,SCILI,SATURDAY,1:00 PM,6
807,SCILI,SATURDAY,2:00 PM,7
808,SCILI,SATURDAY,3:00 PM,10
809,SCILI,SATURDAY,4:00 PM,9
810,SCILI,SATURDAY,5:00 PM,8
811,SCILI,SATURDAY,6:00 PM,5
812,SCILI,SATURDAY,7:00 PM,4
813,SCILI,SATURDAY,8:00 PM,2
814,SCILI,SATURDAY,9:00 PM,3
815,SCILI,SATURDAY,10:00 PM,2
816,SCILI,SATURDAY,11:00 PM,1
817,SCILI,SATURDAY,12:00 AM,0
818,SCILI,SATURDAY,1:00 AM,0
819,SCILI,SATURDAY,2:00 AM,0
820,SCILI,SATURDAY,3:00 AM,0
821,,,,0
822,SCILI,SUNDAY,9:00 AM,2
823,SCILI,SUNDAY,10:00 AM,2
824,SCILI,SUNDAY,11:00 AM,5
825,SCILI,SUNDAY,12:00 PM,8
826,SCILI,SUNDAY,1:00 PM,9
827,SCILI,SUNDAY,2:00 PM,9
828,SCILI,SUNDAY,3:00 PM,9
829,SCILI,SUNDAY,4:00 PM,9
830,SCILI,SUNDAY,5:00 PM,7
831,SCILI,SUNDAY,6:00 PM,5
832,SCILI,SUNDAY,7:00 PM,5
833,SCILI,SUNDAY,8:00 PM,4
834,SCILI,SUNDAY,9:00 PM,4
835,SCILI,SUNDAY,10:00 PM,3
836,SCILI,SUNDAY,11:00 PM,3
837,SCILI,SUNDAY,12:00 AM,1
838,SCILI,SUNDAY,1:00 AM,1
839,SCILI,SUNDAY,2:00 AM,0
840,SCILI,SUNDAY,3:00 AM,0
841,HOLDER,,,0
842,ANDREWS,MONDAY,9:00 AM,0
843,ANDREWS,MONDAY,10:00 AM,0
844,ANDREWS,MONDAY,11:00 AM,0
845,ANDREWS,MONDAY,12:00 PM,1
846,ANDREWS,MONDAY,1:00 PM,1
847,ANDREWS,MONDAY,2:00 PM,0
848,ANDREWS,MONDAY,3:00 PM,0
849,ANDREWS,MONDAY,4:00 PM,0
850,ANDREWS,MONDAY,5:00 PM,0
851,ANDREWS,MONDAY,6:00 PM,0
852,ANDREWS,MONDAY,7:00 PM,0
853,ANDREWS,MONDAY,8:00 PM,1
854,ANDREWS,MONDAY,9:00 PM,1
855,ANDREWS,MONDAY,10:00 PM,1
856,ANDREWS,MONDAY,11:00 PM,1
857,ANDREWS,MONDAY,12:00 AM,0
858,ANDREWS,MONDAY,1:00 AM,0
859,ANDREWS,MONDAY,2:00 AM,0
860,ANDREWS,MONDAY,3:00 AM,0
861,,,,0
862,ANDREWS,TUESDAY,9:00 AM,0
863,ANDREWS,TUESDAY,10:00 AM,0
864,ANDREWS,TUESDAY,11:00 AM,0
865,ANDREWS,TUESDAY,12:00 PM,0
866,ANDREWS,TUESDAY,1:00 PM,1
867,ANDREWS,TUESDAY,2:00 PM,1
868,ANDREWS,TUESDAY,3:00 PM,1
869,ANDREWS,TUESDAY,4:00 PM,2
870,ANDREWS,TUESDAY,5:00 PM,0
871,ANDREWS,TUESDAY,6:00 PM,0
872,ANDREWS,TUESDAY,7:00 PM,2
873,ANDREWS,TUESDAY,8:00 PM,2
874,ANDREWS,TUESDAY,9:00 PM,2
875,ANDREWS,TUESDAY,10:00 PM,3
876,ANDREWS,TUESDAY,11:00 PM,3
877,ANDREWS,TUESDAY,12:00 AM,3
878,ANDREWS,TUESDAY,1:00 AM,3
879,ANDREWS,TUESDAY,2:00 AM,3
880,ANDREWS,TUESDAY,3:00 AM,0
881,,,,0
882,ANDREWS,WEDNESDAY,9:00 AM,0
883,ANDREWS,WEDNESDAY,10:00 AM,0
884,ANDREWS,WEDNESDAY,11:00 AM,0
885,ANDREWS,WEDNESDAY,12:00 PM,0
886,ANDREWS,WEDNESDAY,1:00 PM,0
887,ANDREWS,WEDNESDAY,2:00 PM,0
888,ANDREWS,WEDNESDAY,3:00 PM,1
889,ANDREWS,WEDNESDAY,4:00 PM,1
890,ANDREWS,WEDNESDAY,5:00 PM,0
891,ANDREWS,WEDNESDAY,6:00 PM,0
892,ANDREWS,WEDNESDAY,7:00 PM,0
893,ANDREWS,WEDNESDAY,8:00 PM,0
894,ANDREWS,WEDNESDAY,9:00 PM,0
895,ANDREWS,WEDNESDAY,10:00 PM,0
896,ANDREWS,WEDNESDAY,11:00 PM,0
897,ANDREWS,WEDNESDAY,12:00 AM,0
898,ANDREWS,WEDNESDAY,1:00 AM,0
899,ANDREWS,WEDNESDAY,2:00 AM,0
900,ANDREWS,WEDNESDAY,3:00 AM,0
901,,,,0
902,ANDREWS,THURSDAY,9:00 AM,0
903,ANDREWS,THURSDAY,10:00 AM,0
904,ANDREWS,THURSDAY,11:00 AM,0
905,ANDREWS,THURSDAY,12:00 PM,0
906,ANDREWS,THURSDAY,1:00 PM,1
907,ANDREWS,THURSDAY,2:00 PM,1
908,ANDREWS,THURSDAY,3:00 PM,1
909,ANDREWS,THURSDAY,4:00 PM,0
910,ANDREWS,THURSDAY,5:00 PM,0
911,ANDREWS,THURSDAY,6:00 PM,0
912,ANDREWS,THURSDAY,7:00 PM,0
913,ANDREWS,THURSDAY,8:00 PM,0
914,ANDREWS,THURSDAY,9:00 PM,0
915,ANDREWS,THURSDAY,10:00 PM,0
916,ANDREWS,THURSDAY,11:00 PM,0
917,ANDREWS,THURSDAY,12:00 AM,0
918,ANDREWS,THURSDAY,1:00 AM,0
919,ANDREWS,THURSDAY,2:00 AM,0
920,ANDREWS,THURSDAY,3:00 AM,0
921,,,,0
922,ANDREWS,FRIDAY,9:00 AM,0
923,ANDREWS,FRIDAY,10:00 AM,0
924,ANDREWS,FRIDAY,11:00 AM,0
925,ANDREWS,FRIDAY,12:00 PM,2
926,ANDREWS,FRIDAY,1:00 PM,4
927,ANDREWS,FRIDAY,2:00 PM,3
928,ANDREWS,FRIDAY,3:00 PM,2
929,ANDREWS,FRIDAY,4:00 PM,2
930,ANDREWS,FRIDAY,5:00 PM,1
931,ANDREWS,FRIDAY,6:00 PM,1
932,ANDREWS,FRIDAY,7:00 PM,0
933,ANDREWS,FRIDAY,8:00 PM,1
934,ANDREWS,FRIDAY,9:00 PM,1
935,ANDREWS,FRIDAY,10:00 PM,0
936,ANDREWS,FRIDAY,11:00 PM,0
937,ANDREWS,FRIDAY,12:00 AM,0
938,ANDREWS,FRIDAY,1:00 AM,0
939,ANDREWS,FRIDAY,2:00 AM,0
940,ANDREWS,FRIDAY,3:00 AM,0
941,,,,0
942,ANDREWS,SATURDAY,9:00 AM,0
943,ANDREWS,SATURDAY,10:00 AM,0
944,ANDREWS,SATURDAY,11:00 AM,0
945,ANDREWS,SATURDAY,12:00 PM,0
946,ANDREWS,SATURDAY,1:00 PM,0
947,ANDREWS,SATURDAY,2:00 PM,0
948,ANDREWS,SATURDAY,3:00 PM,0
949,ANDREWS,SATURDAY,4:00 PM,0
950,ANDREWS,SATURDAY,5:00 PM,0
951,ANDREWS,SATURDAY,6:00 PM,0
952,ANDREWS,SATURDAY,7:00 PM,0
953,ANDREWS,SATURDAY,8:00 PM,0
954,ANDREWS,SATURDAY,9:00 PM,0
955,ANDREWS,SATURDAY,10:00 PM,0
956,ANDREWS,SATURDAY,11:00 PM,0
957,ANDREWS,SATURDAY,12:00 AM,0
958,ANDREWS,SATURDAY,1:00 AM,0
959,ANDREWS,SATURDAY,2:00 AM,0
960,ANDREWS,SATURDAY,3:00 AM,0
961,,,,0
962,ANDREWS,SUNDAY,9:00 AM,0
963,ANDREWS,SUNDAY,10:00 AM,0
964,ANDREWS,SUNDAY,11:00 AM,0
965,ANDREWS,SUNDAY,12:00 PM,0
966,ANDREWS,SUNDAY,1:00 PM,0
967,ANDREWS,SUNDAY,2:00 PM,0
968,ANDREWS,SUNDAY,3:00 PM,0
969,ANDREWS,SUNDAY,4:00 PM,0
970,ANDREWS,SUNDAY,5:00 PM,1
971,ANDREWS,SUNDAY,6:00 PM,1
972,ANDREWS,SUNDAY,7:00 PM,1
973,ANDREWS,SUNDAY,8:00 PM,1
974,ANDREWS,SUNDAY,9:00 PM,0
975,ANDREWS,SUNDAY,10:00 PM,0
976,ANDREWS,SUNDAY,11:00 PM,0
977,ANDREWS,SUNDAY,12:00 AM,0
978,ANDREWS,SUNDAY,1:00 AM,0
979,ANDREWS,SUNDAY,2:00 AM,0
980,ANDREWS,SUNDAY,3:00 AM,0
981,HOLDER,,,0
982,JWW,MONDAY,9:00 AM,0
983,JWW,MONDAY,10:00 AM,0
984,JWW,MONDAY,11:00 AM,1
985,JWW,MONDAY,12:00 PM,1
986,JWW,MONDAY,1:00 PM,1
987,JWW,MONDAY,2:00 PM,1
988,JWW,MONDAY,3:00 PM,2
989,JWW,MONDAY,4:00 PM,2
990,JWW,MONDAY,5:00 PM,2
991,JWW,MONDAY,6:00 PM,0
992,JWW,MONDAY,7:00 PM,1
993,JWW,MONDAY,8:00 PM,1
994,JWW,MONDAY,9:00 PM,2
995,JWW,MONDAY,10:00 PM,3
996,JWW,MONDAY,11:00 PM,3
997,JWW,MONDAY,12:00 AM,2
998,JWW,MONDAY,1:00 AM,1
999,JWW,MONDAY,2:00 AM,0
1000,JWW,MONDAY,3:00 AM,0
1001,,,,0
1002,JWW,TUESDAY,9:00 AM,0
1003,JWW,TUESDAY,10:00 AM,0
1004,JWW,TUESDAY,11:00 AM,0
1005,JWW,TUESDAY,12:00 PM,0
1006,JWW,TUESDAY,1:00 PM,1
1007,JWW,TUESDAY,2:00 PM,1
1008,JWW,TUESDAY,3:00 PM,0
1009,JWW,TUESDAY,4:00 PM,0
1010,JWW,TUESDAY,5:00 PM,0
1011,JWW,TUESDAY,6:00 PM,0
1012,JWW,TUESDAY,7:00 PM,0
1013,JWW,TUESDAY,8:00 PM,0
1014,JWW,TUESDAY,9:00 PM,0
1015,JWW,TUESDAY,10:00 PM,0
1016,JWW,TUESDAY,11:00 PM,0
1017,JWW,TUESDAY,12:00 AM,0
1018,JWW,TUESDAY,1:00 AM,0
1019,JWW,TUESDAY,2:00 AM,0
1020,JWW,TUESDAY,3:00 AM,0
1021,,,,0
1022,JWW,WEDNESDAY,9:00 AM,0
1023,JWW,WEDNESDAY,10:00 AM,0
1024,JWW,WEDNESDAY,11:00 AM,0
1025,JWW,WEDNESDAY,12:00 PM,0
1026,JWW,WEDNESDAY,1:00 PM,1
1027,JWW,WEDNESDAY,2:00 PM,1
1028,JWW,WEDNESDAY,3:00 PM,0
1029,JWW,WEDNESDAY,4:00 PM,0
1030,JWW,WEDNESDAY,5:00 PM,1
1031,JWW,WEDNESDAY,6:00 PM,1
1032,JWW,WEDNESDAY,7:00 PM,2
1033,JWW,WEDNESDAY,8:00 PM,1
1034,JWW,WEDNESDAY,9:00 PM,1
1035,JWW,WEDNESDAY,10:00 PM,1
1036,JWW,WEDNESDAY,11:00 PM,1
1037,JWW,WEDNESDAY,12:00 AM,1
1038,JWW,WEDNESDAY,1:00 AM,0
1039,JWW,WEDNESDAY,2:00 AM,0
1040,JWW,WEDNESDAY,3:00 AM,0
1041,,,,0
1042,JWW,THURSDAY,9:00 AM,0
1043,JWW,THURSDAY,10:00 AM,0
1044,JWW,THURSDAY,11:00 AM,1
1045,JWW,THURSDAY,12:00 PM,1
1046,JWW,THURSDAY,1:00 PM,2
1047,JWW,THURSDAY,2:00 PM,1
1048,JWW,THURSDAY,3:00 PM,0
1049,JWW,THURSDAY,4:00 PM,0
1050,JWW,THURSDAY,5:00 PM,0
1051,JWW,THURSDAY,6:00 PM,0
1052,JWW,THURSDAY,7:00 PM,0
1053,JWW,THURSDAY,8:00 PM,1
1054,JWW,THURSDAY,9:00 PM,1
1055,JWW,THURSDAY,10:00 PM,1
1056,JWW,THURSDAY,11:00 PM,1
1057,JWW,THURSDAY,12:00 AM,1
1058,JWW,THURSDAY,1:00 AM,1
1059,JWW,THURSDAY,2:00 AM,0
1060,JWW,THURSDAY,3:00 AM,0
1061,,,,0
1062,JWW,FRIDAY,9:00 AM,0
1063,JWW,FRIDAY,10:00 AM,0
1064,JWW,FRIDAY,11:00 AM,1
1065,JWW,FRIDAY,12:00 PM,1
1066,JWW,FRIDAY,1:00 PM,1
1067,JWW,FRIDAY,2:00 PM,1
1068,JWW,FRIDAY,3:00 PM,1
1069,JWW,FRIDAY,4:00 PM,0
1070,JWW,FRIDAY,5:00 PM,1
1071,JWW,FRIDAY,6:00 PM,1
1072,JWW,FRIDAY,7:00 PM,0
1073,JWW,FRIDAY,8:00 PM,0
1074,JWW,FRIDAY,9:00 PM,0
1075,JWW,FRIDAY,10:00 PM,1
1076,JWW,FRIDAY,11:00 PM,2
1077,JWW,FRIDAY,12:00 AM,2
1078,JWW,FRIDAY,1:00 AM,1
1079,JWW,FRIDAY,2:00 AM,1
1080,JWW,FRIDAY,3:00 AM,0
1081,,,,0
1082,JWW,SATURDAY,9:00 AM,0
1083,JWW,SATURDAY,10:00 AM,0
1084,JWW,SATURDAY,11:00 AM,0
1085,JWW,SATURDAY,12:00 PM,0
1086,JWW,SATURDAY,1:00 PM,0
1087,JWW,SATURDAY,2:00 PM,0
1088,JWW,SATURDAY,3:00 PM,0
1089,JWW,SATURDAY,4:00 PM,0
1090,JWW,SATURDAY,5:00 PM,0
1091,JWW,SATURDAY,6:00 PM,1
1092,JWW,SATURDAY,7:00 PM,3
1093,JWW,SATURDAY,8:00 PM,1
1094,JWW,SATURDAY,9:00 PM,1
1095,JWW,SATURDAY,10:00 PM,1
1096,JWW,SATURDAY,11:00 PM,0
1097,JWW,SATURDAY,12:00 AM,0
1098,JWW,SATURDAY,1:00 AM,0
1099,JWW,SATURDAY,2:00 AM,0
1100,JWW,SATURDAY,3:00 AM,0
1101,,,,0
1102,JWW,SUNDAY,9:00 AM,0
1103,JWW,SUNDAY,10:00 AM,0
1104,JWW,SUNDAY,11:00 AM,0
1105,JWW,SUNDAY,12:00 PM,0
1106,JWW,SUNDAY,1:00 PM,0
1107,JWW,SUNDAY,2:00 PM,0
1108,JWW,SUNDAY,3:00 PM,0
1109,JWW,SUNDAY,4:00 PM,0
1110,JWW,SUNDAY,5:00 PM,0
1111,JWW,SUNDAY,6:00 PM,0
1112,JWW,SUNDAY,7:00 PM,5
1113,JWW,SUNDAY,8:00 PM,5
1114,JWW,SUNDAY,9:00 PM,3
1115,JWW,SUNDAY,10:00 PM,2
1116,JWW,SUNDAY,11:00 PM,2
1117,JWW,SUNDAY,12:00 AM,2
1118,JWW,SUNDAY,1:00 AM,0
1119,JWW,SUNDAY,2:00 AM,0
1120,JWW,SUNDAY,3:00 AM,0
1121,HOLDER,,,0
1122,WATSON,MONDAY,9:00 AM,0
1123,WATSON,MONDAY,10:00 AM,0
1124,WATSON,MONDAY,11:00 AM,0
1125,WATSON,MONDAY,12:00 PM,0
1126,WATSON,MONDAY,1:00 PM,0
1127,WATSON,MONDAY,2:00 PM,0
1128,WATSON,MONDAY,3:00 PM,0
1129,WATSON,MONDAY,4:00 PM,0
1130,WATSON,MONDAY,5:00 PM,0
1131,WATSON,MONDAY,6:00 PM,0
1132,WATSON,MONDAY,7:00 PM,0
1133,WATSON,MONDAY,8:00 PM,0
1134,WATSON,MONDAY,9:00 PM,0
1135,WATSON,MONDAY,10:00 PM,0
1136,WATSON,MONDAY,11:00 PM,0
1137,WATSON,MONDAY,12:00 AM,0
1138,WATSON,MONDAY,1:00 AM,0
1139,WATSON,MONDAY,2:00 AM,0
1140,WATSON,MONDAY,3:00 AM,0
1141,,,,0
1142,WATSON,TUESDAY,9:00 AM,0
1143,WATSON,TUESDAY,10:00 AM,0
1144,WATSON,TUESDAY,11:00 AM,0
1145,WATSON,TUESDAY,12:00 PM,0
1146,WATSON,TUESDAY,1:00 PM,0
1147,WATSON,TUESDAY,2:00 PM,0
1148,WATSON,TUESDAY,3:00 PM,0
1149,WATSON,TUESDAY,4:00 PM,0
1150,WATSON,TUESDAY,5:00 PM,0
1151,WATSON,TUESDAY,6:00 PM,0
1152,WATSON,TUESDAY,7:00 PM,0
1153,WATSON,TUESDAY,8:00 PM,0
1154,WATSON,TUESDAY,9:00 PM,0
1155,WATSON,TUESDAY,10:00 PM,0
1156,WATSON,TUESDAY,11:00 PM,0
1157,WATSON,TUESDAY,12:00 AM,0
1158,WATSON,TUESDAY,1:00 AM,0
1159,WATSON,TUESDAY,2:00 AM,0
1160,WATSON,TUESDAY,3:00 AM,0
1161,,,,0
1162,WATSON,WEDNESDAY,9:00 AM,0
1163,WATSON,WEDNESDAY,10:00 AM,0
1164,WATSON,WEDNESDAY,11:00 AM,0
1165,WATSON,WEDNESDAY,12:00 PM,0
1166,WATSON,WEDNESDAY,1:00 PM,1
1167,WATSON,WEDNESDAY,2:00 PM,1
1168,WATSON,WEDNESDAY,3:00 PM,1
1169,WATSON,WEDNESDAY,4:00 PM,1
1170,WATSON,WEDNESDAY,5:00 PM,1
1171,WATSON,WEDNESDAY,6:00 PM,1
1172,WATSON,WEDNESDAY,7:00 PM,0
1173,WATSON,WEDNESDAY,8:00 PM,0
1174,WATSON,WEDNESDAY,9:00 PM,0
1175,WATSON,WEDNESDAY,10:00 PM,1
1176,WATSON,WEDNESDAY,11:00 PM,1
1177,WATSON,WEDNESDAY,12:00 AM,1
1178,WATSON,WEDNESDAY,1:00 AM,0
1179,WATSON,WEDNESDAY,2:00 AM,0
1180,WATSON,WEDNESDAY,3:00 AM,0
1181,,,,0
1182,WATSON,THURSDAY,9:00 AM,0
1183,WATSON,THURSDAY,10:00 AM,0
1184,WATSON,THURSDAY,11:00 AM,0
1185,WATSON,THURSDAY,12:00 PM,0
1186,WATSON,THURSDAY,1:00 PM,0
1187,WATSON,THURSDAY,2:00 PM,0
1188,WATSON,THURSDAY,3:00 PM,0
1189,WATSON,THURSDAY,4:00 PM,0
1190,WATSON,THURSDAY,5:00 PM,0
1191,WATSON,THURSDAY,6:00 PM,0
1192,WATSON,THURSDAY,7:00 PM,0
1193,WATSON,THURSDAY,8:00 PM,0
1194,WATSON,THURSDAY,9:00 PM,0
1195,WATSON,THURSDAY,10:00 PM,0
1196,WATSON,THURSDAY,11:00 PM,0
1197,WATSON,THURSDAY,12:00 AM,0
1198,WATSON,THURSDAY,1:00 AM,0
1199,WATSON,THURSDAY,2:00 AM,0
1200,WATSON,THURSDAY,3:00 AM,0
1201,,,,0
1202,WATSON,FRIDAY,9:00 AM,0
1203,WATSON,FRIDAY,10:00 AM,0
1204,WATSON,FRIDAY,11:00 AM,0
1205,WATSON,FRIDAY,12:00 PM,0
1206,WATSON,FRIDAY,1:00 PM,0
1207,WATSON,FRIDAY,2:00 PM,0
1208,WATSON,FRIDAY,3:00 PM,0
1209,WATSON,FRIDAY,4:00 PM,0
1210,WATSON,FRIDAY,5:00 PM,1
1211,WATSON,FRIDAY,6:00 PM,1
1212,WATSON,FRIDAY,7:00 PM,1
1213,WATSON,FRIDAY,8:00 PM,1
1214,WATSON,FRIDAY,9:00 PM,0
1215,WATSON,FRIDAY,10:00 PM,0
1216,WATSON,FRIDAY,11:00 PM,0
1217,WATSON,FRIDAY,12:00 AM,0
1218,WATSON,FRIDAY,1:00 AM,0
1219,WATSON,FRIDAY,2:00 AM,0
1220,WATSON,FRIDAY,3:00 AM,0
1221,,,,0
1222,WATSON,SATURDAY,9:00 AM,0
1223,WATSON,SATURDAY,10:00 AM,0
1224,WATSON,SATURDAY,11:00 AM,0
1225,WATSON,SATURDAY,12:00 PM,0
1226,WATSON,SATURDAY,1:00 PM,0
1227,WATSON,SATURDAY,2:00 PM,0
1228,WATSON,SATURDAY,3:00 PM,0
1229,WATSON,SATURDAY,4:00 PM,0
1230,WATSON,SATURDAY,5:00 PM,1
1231,WATSON,SATURDAY,6:00 PM,1
1232,WATSON,SATURDAY,7:00 PM,1
1233,WATSON,SATURDAY,8:00 PM,0
1234,WATSON,SATURDAY,9:00 PM,0
1235,WATSON,SATURDAY,10:00 PM,0
1236,WATSON,SATURDAY,11:00 PM,0
1237,WATSON,SATURDAY,12:00 AM,0
1238,WATSON,SATURDAY,1:00 AM,0
1239,WATSON,SATURDAY,2:00 AM,0
1240,WATSON,SATURDAY,3:00 AM,0
1241,,,,0
1242,WATSON,SUNDAY,9:00 AM,0
1243,WATSON,SUNDAY,10:00 AM,0
1244,WATSON,SUNDAY,11:00 AM,0
1245,WATSON,SUNDAY,12:00 PM,0
1246,WATSON,SUNDAY,1:00 PM,0
1247,WATSON,SUNDAY,2:00 PM,0
1248,WATSON,SUNDAY,3:00 PM,0
1249,WATSON,SUNDAY,4:00 PM,0
1250,WATSON,SUNDAY,5:00 PM,0
1251,WATSON,SUNDAY,6:00 PM,0
1252,WATSON,SUNDAY,7:00 PM,0
1253,WATSON,SUNDAY,8:00 PM,0
1254,WATSON,SUNDAY,9:00 PM,0
1255,WATSON,SUNDAY,10:00 PM,0
1256,WATSON,SUNDAY,11:00 PM,0
1257,WATSON,SUNDAY,12:00 AM,0
1258,WATSON,SUNDAY,1:00 AM,0
1259,WATSON,SUNDAY,2:00 AM,0
1260,WATSON,SUNDAY,3:00 AM,0
1261,HOLDER,,,0
1262,RATTY,MONDAY,9:00 AM,2
1263,RATTY,MONDAY,10:00 AM,3
1264,RATTY,MONDAY,11:00 AM,2
1265,RATTY,MONDAY,12:00 PM,3
1266,RATTY,MONDAY,1:00 PM,3
1267,RATTY,MONDAY,2:00 PM,1
1268,RATTY,MONDAY,3:00 PM,0
1269,RATTY,MONDAY,4:00 PM,0
1270,RATTY,MONDAY,5:00 PM,0
1271,RATTY,MONDAY,6:00 PM,4
1272,RATTY,MONDAY,7:00 PM,3
1273,RATTY,MONDAY,8:00 PM,1
1274,RATTY,MONDAY,9:00 PM,0
1275,RATTY,MONDAY,10:00 PM,0
1276,RATTY,MONDAY,11:00 PM,0
1277,RATTY,MONDAY,12:00 AM,0
1278,RATTY,MONDAY,1:00 AM,0
1279,RATTY,MONDAY,2:00 AM,0
1280,RATTY,MONDAY,3:00 AM,0
1281,,,,0
1282,RATTY,TUESDAY,9:00 AM,2
1283,RATTY,TUESDAY,10:00 AM,2
1284,RATTY,TUESDAY,11:00 AM,1
1285,RATTY,TUESDAY,12:00 PM,4
1286,RATTY,TUESDAY,1:00 PM,3
1287,RATTY,TUESDAY,2:00 PM,3
1288,RATTY,TUESDAY,3:00 PM,4
1289,RATTY,TUESDAY,4:00 PM,3
1290,RATTY,TUESDAY,5:00 PM,3
1291,RATTY,TUESDAY,6:00 PM,1
1292,RATTY,TUESDAY,7:00 PM,0
1293,RATTY,TUESDAY,8:00 PM,0
1294,RATTY,TUESDAY,9:00 PM,0
1295,RATTY,TUESDAY,10:00 PM,0
1296,RATTY,TUESDAY,11:00 PM,0
1297,RATTY,TUESDAY,12:00 AM,0
1298,RATTY,TUESDAY,1:00 AM,0
1299,RATTY,TUESDAY,2:00 AM,0
1300,RATTY,TUESDAY,3:00 AM,0
1301,,,,0
1302,RATTY,WEDNESDAY,9:00 AM,1
1303,RATTY,WEDNESDAY,10:00 AM,0
1304,RATTY,WEDNESDAY,11:00 AM,0
1305,RATTY,WEDNESDAY,12:00 PM,4
1306,RATTY,WEDNESDAY,1:00 PM,4
1307,RATTY,WEDNESDAY,2:00 PM,2
1308,RATTY,WEDNESDAY,3:00 PM,1
1309,RATTY,WEDNESDAY,4:00 PM,0
1310,RATTY,WEDNESDAY,5:00 PM,0
1311,RATTY,WEDNESDAY,6:00 PM,2
1312,RATTY,WEDNESDAY,7:00 PM,3
1313,RATTY,WEDNESDAY,8:00 PM,0
1314,RATTY,WEDNESDAY,9:00 PM,0
1315,RATTY,WEDNESDAY,10:00 PM,0
1316,RATTY,WEDNESDAY,11:00 PM,0
1317,RATTY,WEDNESDAY,12:00 AM,0
1318,RATTY,WEDNESDAY,1:00 AM,0
1319,RATTY,WEDNESDAY,2:00 AM,0
1320,RATTY,WEDNESDAY,3:00 AM,0
1321,,,,0
1322,RATTY,THURSDAY,9:00 AM,1
1323,RATTY,THURSDAY,10:00 AM,2
1324,RATTY,THURSDAY,11:00 AM,2
1325,RATTY,THURSDAY,12:00 PM,3
1326,RATTY,THURSDAY,1:00 PM,4
1327,RATTY,THURSDAY,2:00 PM,4
1328,RATTY,THURSDAY,3:00 PM,3
1329,RATTY,THURSDAY,4:00 PM,2
1330,RATTY,THURSDAY,5:00 PM,2
1331,RATTY,THURSDAY,6:00 PM,3
1332,RATTY,THURSDAY,7:00 PM,2
1333,RATTY,THURSDAY,8:00 PM,0
1334,RATTY,THURSDAY,9:00 PM,0
1335,RATTY,THURSDAY,10:00 PM,0
1336,RATTY,THURSDAY,11:00 PM,0
1337,RATTY,THURSDAY,12:00 AM,0
1338,RATTY,THURSDAY,1:00 AM,0
1339,RATTY,THURSDAY,2:00 AM,0
1340,RATTY,THURSDAY,3:00 AM,0
1341,,,,0
1342,RATTY,FRIDAY,9:00 AM,1
1343,RATTY,FRIDAY,10:00 AM,0
1344,RATTY,FRIDAY,11:00 AM,0
1345,RATTY,FRIDAY,12:00 PM,0
1346,RATTY,FRIDAY,1:00 PM,0
1347,RATTY,FRIDAY,2:00 PM,0
1348,RATTY,FRIDAY,3:00 PM,0
1349,RATTY,FRIDAY,4:00 PM,0
1350,RATTY,FRIDAY,5:00 PM,0
1351,RATTY,FRIDAY,6:00 PM,1
1352,RATTY,FRIDAY,7:00 PM,1
1353,RATTY,FRIDAY,8:00 PM,0
1354,RATTY,FRIDAY,9:00 PM,0
1355,RATTY,FRIDAY,10:00 PM,0
1356,RATTY,FRIDAY,11:00 PM,0
1357,RATTY,FRIDAY,12:00 AM,0
1358,RATTY,FRIDAY,1:00 AM,0
1359,RATTY,FRIDAY,2:00 AM,0
1360,RATTY,FRIDAY,3:00 AM,0
1361,,,,0
1362,RATTY,SATURDAY,9:00 AM,0
1363,RATTY,SATURDAY,10:00 AM,0
1364,RATTY,SATURDAY,11:00 AM,0
1365,RATTY,SATURDAY,12:00 PM,2
1366,RATTY,SATURDAY,1:00 PM,1
1367,RATTY,SATURDAY,2:00 PM,0
1368,RATTY,SATURDAY,3:00 PM,0
1369,RATTY,SATURDAY,4:00 PM,0
1370,RATTY,SATURDAY,5:00 PM,0
1371,RATTY,SATURDAY,6:00 PM,2
1372,RATTY,SATURDAY,7:00 PM,1
1373,RATTY,SATURDAY,8:00 PM,0
1374,RATTY,SATURDAY,9:00 PM,0
1375,RATTY,SATURDAY,10:00 PM,0
1376,RATTY,SATURDAY,11:00 PM,0
1377,RATTY,SATURDAY,12:00 AM,0
1378,RATTY,SATURDAY,1:00 AM,0
1379,RATTY,SATURDAY,2:00 AM,0
1380,RATTY,SATURDAY,3:00 AM,0
1381,,,,0
1382,RATTY,SUNDAY,9:00 AM,0
1383,RATTY,SUNDAY,10:00 AM,0
1384,RATTY,SUNDAY,11:00 AM,0
1385,RATTY,SUNDAY,12:00 PM,0
1386,RATTY,SUNDAY,1:00 PM,0
1387,RATTY,SUNDAY,2:00 PM,0
1388,RATTY,SUNDAY,3:00 PM,0
1389,RATTY,SUNDAY,4:00 PM,1
1390,RATTY,SUNDAY,5:00 PM,2
1391,RATTY,SUNDAY,6:00 PM,1
1392,RATTY,SUNDAY,7:00 PM,0
1393,RATTY,SUNDAY,8:00 PM,0
1394,RATTY,SUNDAY,9:00 PM,0
1395,RATTY,SUNDAY,10:00 PM,0
1396,RATTY,SUNDAY,11:00 PM,0
1397,RATTY,SUNDAY,12:00 AM,0
1398,RATTY,SUNDAY,1:00 AM,0
1399,RATTY,SUNDAY,2:00 AM,0
1400,RATTY,SUNDAY,3:00 AM,0
1401,,,,
1402,,,,